Name,Country,Age,Height,Weight,Sex,Sport,Event,Medals,Gold,Silver,Bronze
Taylor Worth,Australia,21,174,60,M,Archery,Men's Individual,,,,
Md Emdadul Haque Milon,Bangladesh,19,174,60,M,Archery,Men's Individual,,,,
Yavor Vasilev Hristov,Bulgaria,36,178,88,M,Archery,Men's Individual,,,,
Rene Philippe Kouassi,CÃ´te d'Ivoire,32,190,77,M,Archery,Men's Individual,,,,
Crispin Duenas,Canada,26,170,81,M,Archery,Men's Individual,,,,
Daniel Felipe Pineda,Colombia,18,186,83,M,Archery,Men's Individual,,,,
Juan Carlos Stevens,Cuba,43,,,M,Archery,Men's Individual,,,,
Ahmed El-Nemr,Egypt,33,183,84,M,Archery,Men's Individual,,,,
Robert Elder,Fiji,31,193,115,M,Archery,Men's Individual,,,,
Camilo Mayr,Germany,21,178,74,M,Archery,Men's Individual,,,,
Kar Wai Calvin Lee,"Hong Kong, China",29,172,68,M,Archery,Men's Individual,,,,
Denis Gankin,Kazakhstan,22,183,68,M,Archery,Men's Individual,,,,
Jeff Henckels,Luxembourg,27,184,77,M,Archery,Men's Individual,,,,
Jantsan Gantugs,Mongolia,40,174,75,M,Archery,Men's Individual,,,,
Nay Myo Aung,Myanmar,26,178,71,M,Archery,Men's Individual,,,,
Rick van der Ven,Netherlands,21,181,71,M,Archery,Men's Individual,,,,
Baard Nesteng,Norway,33,,,M,Archery,Men's Individual,,,,
Mark Javier,Philippines,30,173,53,M,Archery,Men's Individual,,,,
Rafal Dobrowolski,Poland,28,180,80,M,Archery,Men's Individual,,,,
Dan Olaru,Republic of Moldova,15,175,70,M,Archery,Men's Individual,,,,
Emanuele Guidi,San Marino,42,175,80,M,Archery,Men's Individual,,,,
Klemen Strajhar,Slovenia,17,190,92,M,Archery,Men's Individual,,,,
Elias Cuesta,Spain,27,177,76,M,Archery,Men's Individual,,,,
Axel Muller,Switzerland,20,176,70,M,Archery,Men's Individual,,,,
Witthaya Thamwong,Thailand,24,180,82,M,Archery,Men's Individual,,,,
Elias Malave,Venezuela,22,179,72,M,Archery,Men's Individual,,,,
Gael Prevost,France,18,193,75,M,Archery,"Men's Individual, Men's Team",,,,
Romain Girouille,France,24,193,75,M,Archery,"Men's Individual, Men's Team",,,,
Thomas Faucheron,France,22,175,72,M,Archery,"Men's Individual, Men's Team",,,,
Alan Wills,Great Britain,31,179,84,M,Archery,"Men's Individual, Men's Team",,,,
Larry Godfrey,Great Britain,36,178,84,M,Archery,"Men's Individual, Men's Team",,,,
Simon Terry,Great Britain,38,180,100,M,Archery,"Men's Individual, Men's Team",,,,
Jayanta Talukdar,India,26,,,M,Archery,"Men's Individual, Men's Team",,,,
Rahul Banerjee,India,25,,,M,Archery,"Men's Individual, Men's Team",,,,
Marco Galiazzo,Italy,29,178,98,M,Archery,"Men's Individual, Men's Team",YES,0.33,,
Mauro Nespoli,Italy,24,181,85,M,Archery,"Men's Individual, Men's Team",YES,0.33,,
Michele Frangilli,Italy,36,181,110,M,Archery,"Men's Individual, Men's Team",YES,0.33,,
Hideki Kikuchi,Japan,26,182,80,M,Archery,"Men's Individual, Men's Team",,,,
Takaharu Furukawa,Japan,27,174,81,M,Archery,"Men's Individual, Men's Team",YES,,1,
Yu Ishizu,Japan,25,170,66,M,Archery,"Men's Individual, Men's Team",,,,
Chu Sian Cheng,Malaysia,26,182,94,M,Archery,"Men's Individual, Men's Team",,,,
Haziq Kamaruddin,Malaysia,19,178,85,M,Archery,"Men's Individual, Men's Team",,,,
Khairul Anuar Mohamad,Malaysia,20,171,70,M,Archery,"Men's Individual, Men's Team",,,,
Juan Rene Serrano,Mexico,28,178,87,M,Archery,"Men's Individual, Men's Team",,,,
Luis Alvarez,Mexico,21,174,90,M,Archery,"Men's Individual, Men's Team",,,,
Luis Eduardo Velez,Mexico,26,180,81,M,Archery,"Men's Individual, Men's Team",,,,
Xiaoxiang Dai,People's Republic of China,21,178,70,M,Archery,"Men's Individual, Men's Team",YES,,,1
Yu Xing,People's Republic of China,21,188,77,M,Archery,"Men's Individual, Men's Team",,,,
Zhaowu Liu,People's Republic of China,23,179,65,M,Archery,"Men's Individual, Men's Team",,,,
Bubmin Kim,Republic of Korea,21,187,96,M,Archery,"Men's Individual, Men's Team",YES,,,0.33
Dong Hyun Im,Republic of Korea,26,184,100,M,Archery,"Men's Individual, Men's Team",YES,,,0.33
Jin Hyek Oh,Republic of Korea,30,182,100,M,Archery,"Men's Individual, Men's Team",YES,1,,0.33
Cheng-Pang Wang,Taipei (Chinese Taipei),25,178,86,M,Archery,"Men's Individual, Men's Team",,,,
Cheng-Wei Kuo,Taipei (Chinese Taipei),28,178,99,M,Archery,"Men's Individual, Men's Team",,,,
Yu-Cheng Chen,Taipei (Chinese Taipei),19,180,72,M,Archery,"Men's Individual, Men's Team",,,,
Dmytro Hrachov,Ukraine,28,180,90,M,Archery,"Men's Individual, Men's Team",,,,
Markiyan Ivashko,Ukraine,33,183,100,M,Archery,"Men's Individual, Men's Team",,,,
Viktor Ruban,Ukraine,31,178,72,M,Archery,"Men's Individual, Men's Team",,,,
Brady Ellison,United States of America,23,180,86,M,Archery,"Men's Individual, Men's Team",,,0.33,
Jacob Wukie,United States of America,26,180,73,M,Archery,"Men's Individual, Men's Team",YES,,0.33,
Jake Kaminski,United States of America,23,208,71,M,Archery,"Men's Individual, Men's Team",YES,,0.33,
Elisa Barnard,Australia,19,171,57,F,Archery,Women's Individual,,,,
Sherab Zam,Bhutan,28,152,51,F,Archery,Women's Individual,,,,
Marie-Pier Beaudet,Canada,25,164,60,F,Archery,Women's Individual,,,,
Denisse van Lamoen,Chile,32,157,51,F,Archery,Women's Individual,,,,
Ana Maria Rendon,Colombia,26,160,63,F,Archery,Women's Individual,,,,
Un Sil Kwon,Democratic People's Republic  of Korea,28,160,52,F,Archery,Women's Individual,,,,
Nada Kamel,Egypt,21,162,66,F,Archery,Women's Individual,,,,
Reena Parnat,Estonia,18,167,54,F,Archery,Women's Individual,,,,
Berengere Schuh,France,28,163,54,F,Archery,Women's Individual,,,,
Kristine Esebua,Georgia,27,161,55,F,Archery,Women's Individual,,,,
Elena Richter,Germany,23,174,67,F,Archery,Women's Individual,,,,
Evangelia Psarra,Greece,38,172,63,F,Archery,Women's Individual,,,,
Rand Al-Mashhadani,Iraq,17,160,50,F,Archery,Women's Individual,,,,
Zahra Dehghanabnavi,Islamic Republic of Iran,24,156,57,F,Archery,Women's Individual,,,,
Anastassiya Bannova,Kazakhstan,23,168,56,F,Archery,Women's Individual,,,,
Nurul Syafiqah Hashim,Malaysia,18,170,55,F,Archery,Women's Individual,,,,
Bishindee Urantungalag,Mongolia,35,175,74,F,Archery,Women's Individual,,,,
Rachelle Anne Cabral,Philippines,27,170,74,F,Archery,Women's Individual,,,,
Natalia Lesniak,Poland,21,165,74,F,Archery,Women's Individual,,,,
Maureen Tuimalealiifano,Samoa,41,175,70,F,Archery,Women's Individual,,,,
Karen Hultzer,South Africa,46,175,95,F,Archery,Women's Individual,,,,
Iria Grandal,Spain,21,161,55,F,Archery,Women's Individual,,,,
Christine Bjerendal,Sweden,25,161,66,F,Archery,Women's Individual,,,,
Nathalie Dielen,Switzerland,46,163,73,F,Archery,Women's Individual,,,,
Begul Lokluoglu,Turkey,23,161,58,F,Archery,Women's Individual,,,,
Leidys Brito,Venezuela,28,169,77,F,Archery,Women's Individual,,,,
Carina Christiansen,Denmark,21,171,67,F,Archery,"Women's Individual, Women's Team",,,,
Louise Laursen,Denmark,24,170,60,F,Archery,"Women's Individual, Women's Team",,,,
Maja Jager,Denmark,20,168,55,F,Archery,"Women's Individual, Women's Team",,,,
Alison Williamson,Great Britain,40,175,75,F,Archery,"Women's Individual, Women's Team",,,,
Amy Oliver,Great Britain,25,173,62,F,Archery,"Women's Individual, Women's Team",,,,
Naomi Folkard,Great Britain,28,169,67,F,Archery,"Women's Individual, Women's Team",,,,
Bombayla Devi Laishram,India,27,,,F,Archery,"Women's Individual, Women's Team",,,,
Chekrovolu Swuro,India,29,,,F,Archery,"Women's Individual, Women's Team",,,,
Deepika Kumari,India,18,,,F,Archery,"Women's Individual, Women's Team",,,,
Natalia Valeeva,Italy,42,168,63,F,Archery,"Women's Individual, Women's Team",,,,
Pia Lionetti,Italy,25,161,58,F,Archery,"Women's Individual, Women's Team",,,,
Kaori Kawanaka,Japan,21,159,50,F,Archery,"Women's Individual, Women's Team",YES,,,0.33
Miki Kanie,Japan,23,162,64,F,Archery,"Women's Individual, Women's Team",YES,,,0.33
Ren Hayakawa,Japan,24,179,65,F,Archery,"Women's Individual, Women's Team",YES,,,0.33
Aida Roman,Mexico,24,168,61,F,Archery,"Women's Individual, Women's Team",YES,,1,
Alejandra Valencia,Mexico,17,176,74,F,Archery,"Women's Individual, Women's Team",,,,
Mariana Avitia,Mexico,18,164,61,F,Archery,"Women's Individual, Women's Team",YES,,,1
Jing Xu,People's Republic of China,21,169,70,F,Archery,"Women's Individual, Women's Team",YES,,0.33,
Ming Cheng,People's Republic of China,26,165,65,F,Archery,"Women's Individual, Women's Team",YES,,0.33,
Yuting Fang,People's Republic of China,22,170,62,F,Archery,"Women's Individual, Women's Team",YES,,0.33,
Bo Bae Ki,Republic of Korea,24,168,55,F,Archery,"Women's Individual, Women's Team",YES,1.33,,
Hyeonju Choi,Republic of Korea,27,172,65,F,Archery,"Women's Individual, Women's Team",YES,0.33,,
Sung Jin Lee,Republic of Korea,27,165,60,F,Archery,"Women's Individual, Women's Team",YES,0.33,,
Inna Stepanova,Russian Federation,22,175,62,F,Archery,"Women's Individual, Women's Team",,,,
Ksenia Perova,Russian Federation,23,170,74,F,Archery,"Women's Individual, Women's Team",,,,
Chia-En Lin,Taipei (Chinese Taipei),19,166,55,F,Archery,"Women's Individual, Women's Team",,,,
Chien-Ying Le,Taipei (Chinese Taipei),22,165,65,F,Archery,"Women's Individual, Women's Team",,,,
Ya-Ting Tan,Taipei (Chinese Taipei),18,159,56,F,Archery,"Women's Individual, Women's Team",,,,
Kateryna Palekha,Ukraine,31,168,63,F,Archery,"Women's Individual, Women's Team",,,,
Lidiia Sichenikova,Ukraine,19,183,68,F,Archery,"Women's Individual, Women's Team",,,,
Tetyana Dorokhova,Ukraine,27,164,64,F,Archery,"Women's Individual, Women's Team",,,,
Jennifer Nichols,United States of America,28,183,64,F,Archery,"Women's Individual, Women's Team",,,,
Khatuna Lorig,United States of America,38,170,64,F,Archery,"Women's Individual, Women's Team",,,,
Miranda Leek,United States of America,19,163,75,F,Archery,"Women's Individual, Women's Team",,,,
Ben St Lawrence,Australia,30,180,85,M,Athletics,"Men's 10,000m",,,,
Ali Hasan Mahboob,Bahrain,30,175,70,M,Athletics,"Men's 10,000m",,,,
Mohammed Ahmed,Canada,21,190,60,M,Athletics,"Men's 10,000m",,,,
Bayron Piedra,Ecuador,29,176,62,M,Athletics,"Men's 10,000m",,,,
Nguse Tesfaldet,Eritrea,25,180,56,M,Athletics,"Men's 10,000m",,,,
Zersenay Tadese,Eritrea,30,160,54,M,Athletics,"Men's 10,000m",,,,
Gebregziabher Gebremariam,Ethiopia,27,183,60,M,Athletics,"Men's 10,000m",,,,
Tariku Bekele,Ethiopia,25,168,62,M,Athletics,"Men's 10,000m",YES,,,1
Christopher Thompson,Great Britain,31,178,67,M,Athletics,"Men's 10,000m",,,,
Bedan Karoki Muchiri,Kenya,21,167,65,M,Athletics,"Men's 10,000m",,,,
Moses Ndiema Masai,Kenya,26,172,60,M,Athletics,"Men's 10,000m",,,,
Wilson Kiprop,Kenya,25,,,M,Athletics,"Men's 10,000m",,,,
Diego Estrada,Mexico,22,180,61,M,Athletics,"Men's 10,000m",,,,
Robert Kajuga,Rwanda,27,158,61,M,Athletics,"Men's 10,000m",,,,
Ayad Lamdassem,Spain,30,170,52,M,Athletics,"Men's 10,000m",,,,
Thomas Ayeko,Uganda,20,168,58,M,Athletics,"Men's 10,000m",,,,
Mykola Labovskyy,Ukraine,29,175,70,M,Athletics,"Men's 10,000m",,,,
Dathan Ritzenhein,United States of America,29,173,55,M,Athletics,"Men's 10,000m",,,,
Matthew Tegenkamp,United States of America,30,188,68,M,Athletics,"Men's 10,000m",,,,
Massoud Azizi,Afghanistan,23,175,63,M,Athletics,Men's 100m,,,,
Elama Fa'atonu,American Samoa,18,175,82,M,Athletics,Men's 100m,,,,
Derrick Atkins,Bahamas,28,185,88,M,Athletics,Men's 100m,,,,
Warren Fraser,Bahamas,21,172,73,M,Athletics,Men's 100m,,,,
Mohan Khan,Bangladesh,20,170,56,M,Athletics,Men's 100m,,,,
Ramon Gittens,Barbados,25,180,77,M,Athletics,Men's 100m,,,,
Artur Bruno Rojas,Bolivia,19,,,M,Athletics,Men's 100m,,,,
Gerard Kobeane,Burkina Faso,24,179,74,M,Athletics,Men's 100m,,,,
Idrissa Adam,Cameroon,27,178,79,M,Athletics,Men's 100m,,,,
Kemar Hyman,Cayman Islands,22,178,74,M,Athletics,Men's 100m,,,,
Berenger Aymard Bosse,Central African Republic,27,,,M,Athletics,Men's 100m,,,,
Abdouraim Haroun,Chad,20,174,72,M,Athletics,Men's 100m,,,,
Isidro Montoya,Colombia,21,176,68,M,Athletics,Men's 100m,,,,
Devilert Arsene Kimbembe,Congo,27,171,,M,Athletics,Men's 100m,,,,
Patrick Tuara,Cook Islands,19,168,79,M,Athletics,Men's 100m,,,,
John Howard,Federated States of Micronesia,31,173,78,M,Athletics,Men's 100m,,,,
Wilfried Bingangoye,Gabon,27,,,M,Athletics,Men's 100m,,,,
Suwaibou Sanneh,Gambia,21,165,80,M,Athletics,Men's 100m,,,,
Paul Williams,Grenada,26,,,M,Athletics,Men's 100m,,,,
Holder da Silva,Guinea-Bissau,24,181,75,M,Athletics,Men's 100m,,,,
Jeremy Bascom,Guyana,28,170,73,M,Athletics,Men's 100m,,,,
Fernando Lumain,Indonesia,22,183,76,M,Athletics,Men's 100m,,,,
Nooa Takooa,Kiribati,19,160,67,M,Athletics,Men's 100m,,,,
Kilakone Siphonexay,Lao People's Democratic Republic,23,168,63,M,Athletics,Men's 100m,,,,
Rytis Sakalauskas,Lithuania,25,185,83,M,Athletics,Men's 100m,,,,
Azneem Ahmed,Maldives,23,169,65,M,Athletics,Men's 100m,,,,
Rachid Chouhal,Malta,37,178,80,M,Athletics,Men's 100m,,,,
Timi Garstang,Marshall Islands,25,175,73,M,Athletics,Men's 100m,,,,
Fabrice Coiffic,Mauritius,27,168,73,M,Athletics,Men's 100m,,,,
Tilak Ram Tharu,Nepal,19,168,72,M,Athletics,Men's 100m,,,,
Obinna Metu,Nigeria,24,189,76,M,Athletics,Men's 100m,,,,
Ogho-Oghene Egwero,Nigeria,23,152,64,M,Athletics,Men's 100m,,,,
Peter Emelieze,Nigeria,24,170,65,M,Athletics,Men's 100m,,,,
Barakat Mubarak Al-Harthi,Oman,24,171,67,M,Athletics,Men's 100m,,,,
Liaqat Ali,Pakistan,28,,,M,Athletics,Men's 100m,,,,
Rodman Teltull,Palau,18,170,57,M,Athletics,Men's 100m,,,,
Miguel Lopez,Puerto Rico,22,,,M,Athletics,Men's 100m,,,,
Christopher Lima da Costa,Sao Tome and Principe,24,175,62,M,Athletics,Men's 100m,,,,
Foo Ee Yeo,Singapore,25,171,64,M,Athletics,Men's 100m,,,,
Chris Meke Walasi,Solomon Islands,32,,,M,Athletics,Men's 100m,,,,
Angel David Rodriguez,Spain,32,178,73,M,Athletics,Men's 100m,,,,
Courtney Carl Williams,St Vincent and the Grenadines,21,183,82,M,Athletics,Men's 100m,,,,
Jurgen Themen,Suriname,26,172,75,M,Athletics,Men's 100m,,,,
Joseph Andy Lui,Tonga,20,,,M,Athletics,Men's 100m,,,,
Tavevele Noa,Tuvalu,20,176,74,M,Athletics,Men's 100m,,,,
J'maal Alexander,"Virgin Islands, British",18,,,M,Athletics,Men's 100m,,,,
Gerald Phiri,Zambia,23,178,80,M,Athletics,Men's 100m,,,,
Daniel Bailey,Antigua and Barbuda,25,179,68,M,Athletics,"Men's 100m, Men's 200m",,,,
Ben Youssef Meite,CÃ´te d'Ivoire,25,180,84,M,Athletics,"Men's 100m, Men's 200m",,,,
Amr Ibrahim Mostafa Seoud,Egypt,26,180,73,M,Athletics,"Men's 100m, Men's 200m",,,,
Marek Niit,Estonia,24,182,82,M,Athletics,"Men's 100m, Men's 200m",,,,
Aziz Ouhadi,Morocco,28,168,72,M,Athletics,"Men's 100m, Men's 200m",,,,
Jaysuma Saidy Ndure,Norway,28,,,M,Athletics,"Men's 100m, Men's 200m",,,,
Usain Bolt,Jamaica,25,196,93,M,Athletics,"Men's 100m, Men's 200m, Men's 4 x 100m Relay",YES,2,,
Yohan Blake,Jamaica,22,180,76,M,Athletics,"Men's 100m, Men's 200m, Men's 4 x 100m Relay",YES,,2,
Churandy Martina,Netherlands,28,178,74,M,Athletics,"Men's 100m, Men's 200m, Men's 4 x 100m Relay",,,,
Antoine Adams,Saint Kitts and Nevis,23,180,79,M,Athletics,"Men's 100m, Men's 200m, Men's 4 x 100m Relay",,,,
Kim Collins,Saint Kitts and Nevis,36,173,66,M,Athletics,"Men's 100m, Men's 200m, Men's 4 x 100m Relay",,,,
Rondel Sorrillo,Trinidad and Tobago,26,172,64,M,Athletics,"Men's 100m, Men's 200m, Men's 4 x 100m Relay",,,,
Nilson Andre,Brazil,26,172,70,M,Athletics,"Men's 100m, Men's 4 x 100m Relay",,,,
Justyn Warner,Canada,25,177,79,M,Athletics,"Men's 100m, Men's 4 x 100m Relay",,,,
Jimmy Vicaut,France,20,184,76,M,Athletics,"Men's 100m, Men's 4 x 100m Relay",,,,
Adam Gemili,Great Britain,18,,,M,Athletics,"Men's 100m, Men's 4 x 100m Relay",,,,
Dwain Chambers,Great Britain,34,,,M,Athletics,"Men's 100m, Men's 4 x 100m Relay",,,,
James Dasaolu,Great Britain,24,186,87,M,Athletics,"Men's 100m, Men's 4 x 100m Relay",,,,
Asafa Powell,Jamaica,29,175,78,M,Athletics,"Men's 100m, Men's 4 x 100m Relay",,,,
Michael Frater,Jamaica,29,175,75,M,Athletics,"Men's 100m, Men's 4 x 100m Relay",,,,
Ryota Yamagata,Japan,20,176,67,M,Athletics,"Men's 100m, Men's 4 x 100m Relay",,,,
Dariusz Kuc,Poland,26,176,73,M,Athletics,"Men's 100m, Men's 4 x 100m Relay",,,,
Jason Rogers,Saint Kitts and Nevis,20,173,69,M,Athletics,"Men's 100m, Men's 4 x 100m Relay",,,,
Keston Bledman,Trinidad and Tobago,24,180,88,M,Athletics,"Men's 100m, Men's 4 x 100m Relay",,,,
Marc Burns,Trinidad and Tobago,29,185,88,M,Athletics,"Men's 100m, Men's 4 x 100m Relay",,,,
Richard Thompson,Trinidad and Tobago,27,167,77,M,Athletics,"Men's 100m, Men's 4 x 100m Relay",,,,
Justin Gatlin,United States of America,30,185,83,M,Athletics,"Men's 100m, Men's 4 x 100m Relay",YES,,,1
Ryan Bailey,United States of America,23,193,98,M,Athletics,"Men's 100m, Men's 4 x 100m Relay",,,,
Tyson Gay,United States of America,29,178,77,M,Athletics,"Men's 100m, Men's 4 x 100m Relay",,,,
Shamar Sands,Bahamas,27,,,M,Athletics,Men's 110m Hurdles,,,,
Greggmar Swift,Barbados,21,183,68,M,Athletics,Men's 110m Hurdles,,,,
Ryan Brathwaite,Barbados,24,185,77,M,Athletics,Men's 110m Hurdles,,,,
Shane Brathwaite,Barbados,22,182,77,M,Athletics,Men's 110m Hurdles,,,,
Maksim Lynsha,Belarus,27,190,80,M,Athletics,Men's 110m Hurdles,,,,
Adrien Deghelt,Belgium,27,185,77,M,Athletics,Men's 110m Hurdles,,,,
Ronald Forbes,Cayman Islands,27,192,93,M,Athletics,Men's 110m Hurdles,,,,
Paulo Villar,Colombia,34,183,73,M,Athletics,Men's 110m Hurdles,,,,
Orlando Ortega,Cuba,21,,,M,Athletics,Men's 110m Hurdles,,,,
Dimitri Bascou,France,25,182,72,M,Athletics,Men's 110m Hurdles,,,,
Garfield Darien,France,24,190,80,M,Athletics,Men's 110m Hurdles,,,,
Ladji Doucoure,France,29,186,78,M,Athletics,Men's 110m Hurdles,,,,
David Ilariani,Georgia,31,195,87,M,Athletics,Men's 110m Hurdles,,,,
Alexander John,Germany,26,185,82,M,Athletics,Men's 110m Hurdles,,,,
Erik Balnuweit,Germany,23,189,80,M,Athletics,Men's 110m Hurdles,,,,
Matthias Buhler,Germany,25,189,77,M,Athletics,Men's 110m Hurdles,,,,
Andrew Pozzi,Great Britain,20,190,78,M,Athletics,Men's 110m Hurdles,,,,
Lawrence Clarke,Great Britain,22,187,78,M,Athletics,Men's 110m Hurdles,,,,
Konstadinos Douvalidis,Greece,25,184,78,M,Athletics,Men's 110m Hurdles,,,,
Jeffrey Julmis,Haiti,24,,,M,Athletics,Men's 110m Hurdles,,,,
Ronald Bennett,Honduras,27,175,70,M,Athletics,Men's 110m Hurdles,,,,
Balazs Baji,Hungary,23,192,83,M,Athletics,Men's 110m Hurdles,,,,
Daniel Kiss,Hungary,30,196,96,M,Athletics,Men's 110m Hurdles,,,,
Rohollah Asgari,Islamic Republic of Iran,30,187,82,M,Athletics,Men's 110m Hurdles,,,,
Emanuele Abate,Italy,27,190,80,M,Athletics,Men's 110m Hurdles,,,,
Andrew Riley,Jamaica,23,,,M,Athletics,Men's 110m Hurdles,,,,
Hansle Parchment,Jamaica,22,196,90,M,Athletics,Men's 110m Hurdles,YES,,,1
Richard Phillips,Jamaica,29,192,84,M,Athletics,Men's 110m Hurdles,,,,
Fawaz Al-Shammari,Kuwait,35,,,M,Athletics,Men's 110m Hurdles,,,,
Ahmad Hazer,Lebanon,22,188,80,M,Athletics,Men's 110m Hurdles,,,,
Kame Ali,Madagascar,27,190,83,M,Athletics,Men's 110m Hurdles,,,,
Gregory Sedoc,Netherlands,30,179,75,M,Athletics,Men's 110m Hurdles,,,,
Selim Nurudeen,Nigeria,29,190,77,M,Athletics,Men's 110m Hurdles,,,,
Dongpeng Shi,People's Republic of China,30,192,85,M,Athletics,Men's 110m Hurdles,,,,
Wenjun Xie,People's Republic of China,22,190,85,M,Athletics,Men's 110m Hurdles,,,,
Xiang Liu,People's Republic of China,29,190,86,M,Athletics,Men's 110m Hurdles,,,,
Artur Noga,Poland,24,196,92,M,Athletics,Men's 110m Hurdles,,,,
Joao Carlos Almeida,Portugal,24,185,88,M,Athletics,Men's 110m Hurdles,,,,
Enrique Llanos,Puerto Rico,32,,,M,Athletics,Men's 110m Hurdles,,,,
Hector Cotto,Puerto Rico,27,191,86,M,Athletics,Men's 110m Hurdles,,,,
Aleksey Dremin,Russian Federation,23,186,80,M,Athletics,Men's 110m Hurdles,,,,
Konstantin Shabanov,Russian Federation,22,184,75,M,Athletics,Men's 110m Hurdles,,,,
Sergey Shubenkov,Russian Federation,21,190,75,M,Athletics,Men's 110m Hurdles,,,,
Ahmad Kh A Al-Molad,Saudi Arabia,24,,,M,Athletics,Men's 110m Hurdles,,,,
Moussa Dembele,Senegal,23,182,78,M,Athletics,Men's 110m Hurdles,,,,
Lehann Fourie,South Africa,25,196,98,M,Athletics,Men's 110m Hurdles,,,,
Jackson Quinonez,Spain,32,190,89,M,Athletics,Men's 110m Hurdles,,,,
Mikel Thomas,Trinidad and Tobago,24,166,79,M,Athletics,Men's 110m Hurdles,,,,
Wayne Davis,Trinidad and Tobago,20,171,70,M,Athletics,Men's 110m Hurdles,,,,
Aries Merritt,United States of America,27,188,77,M,Athletics,Men's 110m Hurdles,YES,1,,
Jason Richardson,United States of America,26,188,77,M,Athletics,Men's 110m Hurdles,YES,,1,
Jeff Porter,United States of America,26,183,84,M,Athletics,Men's 110m Hurdles,,,,
Ryan Gregson,Australia,22,184,73,M,Athletics,Men's 1500m,,,,
Andreas Vojta,Austria,23,189,77,M,Athletics,Men's 1500m,,,,
Nathan Brannen,Canada,29,174,58,M,Athletics,Men's 1500m,,,,
Teklit Teweldebrhan,Eritrea,18,172,65,M,Athletics,Men's 1500m,,,,
Dawit Wolde,Ethiopia,21,174,63,M,Athletics,Men's 1500m,,,,
Mekonnen Gebremedhin,Ethiopia,23,182,62,M,Athletics,Men's 1500m,,,,
Niclas Sandells,Finland,28,185,72,M,Athletics,Men's 1500m,,,,
Florian Carvalho,France,23,183,70,M,Athletics,Men's 1500m,,,,
Jamale Aarrass,France,30,187,76,M,Athletics,Men's 1500m,,,,
Yoann Kowal,France,25,172,68,M,Athletics,Men's 1500m,,,,
Carsten Schlangen,Germany,31,190,67,M,Athletics,Men's 1500m,,,,
Andrew Baddeley,Great Britain,30,188,69,M,Athletics,Men's 1500m,,,,
Ross Murray,Great Britain,21,,,M,Athletics,Men's 1500m,,,,
Mamadou Barry,Guinea,20,178,66,M,Athletics,Men's 1500m,,,,
Ciaran O'Lionaird,Ireland,24,,,M,Athletics,Men's 1500m,,,,
Asbel Kiprop,Kenya,23,190,62,M,Athletics,Men's 1500m,,,,
Nixon Kiplimo Chepseba,Kenya,21,185,66,M,Athletics,Men's 1500m,,,,
Silas Kiplagat,Kenya,22,170,56,M,Athletics,Men's 1500m,,,,
Dmitrijs Jurkevics,Latvia,25,186,69,M,Athletics,Men's 1500m,,,,
Amine Laalou,Morocco,30,181,65,M,Athletics,Men's 1500m,,,,
Mohamed Moustaoui,Morocco,27,174,60,M,Athletics,Men's 1500m,,,,
Nicholas Willis,New Zealand,29,183,68,M,Athletics,Men's 1500m,,,,
Rabiou Guero Gao,Niger,24,170,58,M,Athletics,Men's 1500m,,,,
Henrik Ingebrigtsen,Norway,21,,,M,Athletics,Men's 1500m,,,,
Hamza Driouch,Qatar,17,178,61,M,Athletics,Men's 1500m,,,,
Mohamad Al-Garni,Qatar,20,170,55,M,Athletics,Men's 1500m,,,,
Egor Nikolaev,Russian Federation,24,176,60,M,Athletics,Men's 1500m,,,,
Emad Noor,Saudi Arabia,22,,,M,Athletics,Men's 1500m,,,,
Mohamed Mohamed,Somalia,18,,,M,Athletics,Men's 1500m,,,,
Alvaro Rodriguez,Spain,25,179,68,M,Athletics,Men's 1500m,,,,
David Bustos,Spain,21,181,65,M,Athletics,Men's 1500m,,,,
Diego Ruiz,Spain,30,178,64,M,Athletics,Men's 1500m,,,,
Andrew Wheating,United States of America,24,198,82,M,Athletics,Men's 1500m,,,,
Leonel Manzano,United States of America,27,165,57,M,Athletics,Men's 1500m,YES,,1,
Matthew Centrowitz,United States of America,22,175,60,M,Athletics,Men's 1500m,,,,
Eduar Villanueva,Venezuela,27,172,65,M,Athletics,Men's 1500m,,,,
Nabil Mohammed Al-Garbi,Yemen,18,175,65,M,Athletics,Men's 1500m,,,,
Abdalaati Iguider,Morocco,25,173,57,M,Athletics,"Men's 1500m, Men's 5000m",YES,,,1
Brendan Christian,Antigua and Barbuda,28,178,70,M,Athletics,Men's 200m,,,,
Michael Mathieu,Bahamas,28,178,77,M,Athletics,Men's 200m,,,,
Trevorvano Mackey,Bahamas,20,,,M,Athletics,Men's 200m,,,,
Aaron Brown,Canada,20,198,79,M,Athletics,Men's 200m,,,,
Jared Connaughton,Canada,27,175,79,M,Athletics,Men's 200m,,,,
Tremaine Harris,Canada,20,181,81,M,Athletics,Men's 200m,,,,
Michael Herrera,Cuba,27,,,M,Athletics,Men's 200m,,,,
Roberto Skyers,Cuba,20,,,M,Athletics,Men's 200m,,,,
Carlos Jorge,Dominican Republic,26,185,80,M,Athletics,Men's 200m,,,,
Alex Quinonez,Ecuador,22,176,65,M,Athletics,Men's 200m,,,,
Jonathan Astrand,Finland,26,179,68,M,Athletics,Men's 200m,,,,
Christian Malcolm,Great Britain,33,178,71,M,Athletics,Men's 200m,,,,
James Ellington,Great Britain,26,179,81,M,Athletics,Men's 200m,,,,
Joel Redhead,Grenada,26,187,60,M,Athletics,Men's 200m,,,,
Paul Hession,Ireland,29,184,75,M,Athletics,Men's 200m,,,,
Warren Weir,Jamaica,22,178,75,M,Athletics,Men's 200m,YES,,,1
Vyacheslav Muravyev,Kazakhstan,30,186,82,M,Athletics,Men's 200m,,,,
Mosito Lehata,Lesotho,23,177,69,M,Athletics,Men's 200m,,,,
Jidou El Moctar,Mauritania,27,170,65,M,Athletics,Men's 200m,,,,
Jose Carlos Herrera,Mexico,26,187,77,M,Athletics,Men's 200m,,,,
Noah Akwu,Nigeria,21,160,74,M,Athletics,Men's 200m,,,,
Alonso Edward,Panama,22,,,M,Athletics,Men's 200m,,,,
Zhenye Xie,People's Republic of China,18,178,130,M,Athletics,Men's 200m,,,,
Arnaldo Abrantes,Portugal,25,184,78,M,Athletics,Men's 200m,,,,
Jean-Yves Esparon,Seychelles,17,,,M,Athletics,Men's 200m,,,,
Anaso Jobodwana,South Africa,20,187,71,M,Athletics,Men's 200m,,,,
Sibusiso Matsenjwa,Swaziland,24,180,81,M,Athletics,Men's 200m,,,,
Alex Wilson,Switzerland,21,182,78,M,Athletics,Men's 200m,,,,
Reto Schenkel,Switzerland,24,183,89,M,Athletics,Men's 200m,,,,
Serhiy Smelyk,Ukraine,25,178,71,M,Athletics,Men's 200m,,,,
Isiah Young,United States of America,22,180,79,M,Athletics,Men's 200m,,,,
Maurice Mitchell,United States of America,22,180,74,M,Athletics,Men's 200m,,,,
Wallace Spearmon,United States of America,27,191,79,M,Athletics,Men's 200m,,,,
Aldemir da Silva Junior,Brazil,20,,,M,Athletics,"Men's 200m, Men's 4 x 100m Relay",,,,
Bruno de Barros,Brazil,25,,85,M,Athletics,"Men's 200m, Men's 4 x 100m Relay",,,,
Sandro Viana,Brazil,35,,,M,Athletics,"Men's 200m, Men's 4 x 100m Relay",,,,
Christophe Lemaitre,France,22,190,74,M,Athletics,"Men's 200m, Men's 4 x 100m Relay",,,,
Shinji Takahira,Japan,28,180,60,M,Athletics,"Men's 200m, Men's 4 x 100m Relay",,,,
Shota Iizuka,Japan,21,185,78,M,Athletics,"Men's 200m, Men's 4 x 100m Relay",,,,
Kamil Krynski,Poland,25,187,88,M,Athletics,"Men's 200m, Men's 4 x 100m Relay",,,,
Kei Takase,Japan,23,179,62,M,Athletics,"Men's 200m, Men's 4 x 400m Relay",,,,
Pavel Maslak,Czech Republic,21,176,67,M,Athletics,"Men's 200m, Men's 400m",,,,
Juan Manuel Cano,Argentina,24,168,60,M,Athletics,Men's 20km Race Walk,,,,
Adam Rutter,Australia,25,173,60,M,Athletics,Men's 20km Race Walk,,,,
Dzianis Simanovich,Belarus,25,178,63,M,Athletics,Men's 20km Race Walk,,,,
Caio Bonfim,Brazil,21,,,M,Athletics,Men's 20km Race Walk,,,,
Inaki Gomez,Canada,24,172,60,M,Athletics,Men's 20km Race Walk,,,,
Yerko Araya,Chile,26,177,65,M,Athletics,Men's 20km Race Walk,,,,
Eider Arevalo,Colombia,19,,,M,Athletics,Men's 20km Race Walk,,,,
James Rendon,Colombia,27,170,60,M,Athletics,Men's 20km Race Walk,,,,
Luis Fernando Lopez,Colombia,33,170,60,M,Athletics,Men's 20km Race Walk,,,,
Mauricio Arteaga,Ecuador,23,178,62,M,Athletics,Men's 20km Race Walk,,,,
Mate Helebrandt,Hungary,23,174,60,M,Athletics,Men's 20km Race Walk,,,,
Baljinder Singh,India,25,,,M,Athletics,Men's 20km Race Walk,,,,
Gurmeet Singh,India,27,,,M,Athletics,Men's 20km Race Walk,,,,
Irfan Kolothum Thodi,India,22,,,M,Athletics,Men's 20km Race Walk,,,,
Giorgio Rubino,Italy,26,170,77,M,Athletics,Men's 20km Race Walk,,,,
Isamu Fujisawa,Japan,24,164,56,M,Athletics,Men's 20km Race Walk,,,,
Takumi Saito,Japan,19,178,61,M,Athletics,Men's 20km Race Walk,,,,
Yusuke Suzuki,Japan,24,169,57,M,Athletics,Men's 20km Race Walk,,,,
Arnis Rumbenieks,Latvia,24,175,65,M,Athletics,Men's 20km Race Walk,,,,
Marius Ziukas,Lithuania,27,184,72,M,Athletics,Men's 20km Race Walk,,,,
Eder Sanchez,Mexico,26,176,66,M,Athletics,Men's 20km Race Walk,,,,
Ever Palma,Mexico,20,176,66,M,Athletics,Men's 20km Race Walk,,,,
Isaac Palma,Mexico,21,174,69,M,Athletics,Men's 20km Race Walk,,,,
Erik Tysse,Norway,31,,,M,Athletics,Men's 20km Race Walk,,,,
Ding Chen,People's Republic of China,19,180,62,M,Athletics,Men's 20km Race Walk,YES,1,,
Zelin Cai,People's Republic of China,21,172,55,M,Athletics,Men's 20km Race Walk,,,,
Zhen Wang,People's Republic of China,20,180,62,M,Athletics,Men's 20km Race Walk,YES,,,1
Dawid Tomala,Poland,22,182,66,M,Athletics,Men's 20km Race Walk,,,,
Grzegorz Sudol,Poland,33,175,64,M,Athletics,Men's 20km Race Walk,,,,
Hyunsub Kim,Republic of Korea,27,175,53,M,Athletics,Men's 20km Race Walk,,,,
Youngjun Byun,Republic of Korea,28,175,58,M,Athletics,Men's 20km Race Walk,,,,
Andrey Krivov,Russian Federation,26,185,72,M,Athletics,Men's 20km Race Walk,,,,
Valeriy Borchin,Russian Federation,25,178,63,M,Athletics,Men's 20km Race Walk,,,,
Vladimir Kanaykin,Russian Federation,27,170,65,M,Athletics,Men's 20km Race Walk,,,,
Predrag Filipovic,Serbia,33,182,73,M,Athletics,Men's 20km Race Walk,,,,
Anton Kucmin,Slovakia,28,180,68,M,Athletics,Men's 20km Race Walk,,,,
Alvaro Martin,Spain,18,182,72,M,Athletics,Men's 20km Race Walk,,,,
Miguel Angel Lopez,Spain,24,181,70,M,Athletics,Men's 20km Race Walk,,,,
Hassanine Sebei,Tunisia,28,177,56,M,Athletics,Men's 20km Race Walk,,,,
Ivan Losev,Ukraine,26,177,70,M,Athletics,Men's 20km Race Walk,,,,
Nazar Kovalenko,Ukraine,25,178,70,M,Athletics,Men's 20km Race Walk,,,,
Ruslan Dmytrenko,Ukraine,26,180,67,M,Athletics,Men's 20km Race Walk,,,,
Trevor Barron,United States of America,19,191,73,M,Athletics,Men's 20km Race Walk,,,,
Jared Tallent,Australia,27,178,58,M,Athletics,"Men's 20km Race Walk, Men's 50km Race Walk",,,,
Bertrand Moulinet,France,25,177,64,M,Athletics,"Men's 20km Race Walk, Men's 50km Race Walk",,,,
Andre Hohne,Germany,34,185,72,M,Athletics,"Men's 20km Race Walk, Men's 50km Race Walk",,,,
Alexandros Papamihail,Greece,23,175,62,M,Athletics,"Men's 20km Race Walk, Men's 50km Race Walk",,,,
Erick Barrondo,Guatemala,21,172,60,M,Athletics,"Men's 20km Race Walk, Men's 50km Race Walk",YES,,1,
Robert Heffernan,Ireland,34,171,58,M,Athletics,"Men's 20km Race Walk, Men's 50km Race Walk",,,,
Rafal Augustyn,Poland,28,179,73,M,Athletics,"Men's 20km Race Walk, Men's 50km Race Walk",,,,
Joao Vieira,Portugal,36,175,59,M,Athletics,"Men's 20km Race Walk, Men's 50km Race Walk",,,,
Chilsung Park,Republic of Korea,30,173,62,M,Athletics,"Men's 20km Race Walk, Men's 50km Race Walk",,,,
Mohamed Khaled Belabbas,Algeria,31,178,70,M,Athletics,Men's 3000m Steeplechase,,,,
Youcef Abdi,Australia,34,177,66,M,Athletics,Men's 3000m Steeplechase,,,,
Alex Genest,Canada,26,178,61,M,Athletics,Men's 3000m Steeplechase,,,,
Nahom Mesfin,Ethiopia,23,180,62,M,Athletics,Men's 3000m Steeplechase,,,,
Roba Gari,Ethiopia,30,180,62,M,Athletics,Men's 3000m Steeplechase,,,,
Jukka Keskisalo,Finland,31,185,66,M,Athletics,Men's 3000m Steeplechase,,,,
Mahiedine Mekhissi-Benabbad,France,27,187,75,M,Athletics,Men's 3000m Steeplechase,YES,,1,
Vincent Zouaoui-Dandrieux,France,31,187,78,M,Athletics,Men's 3000m Steeplechase,,,,
Steffen Uliczka,Germany,28,180,65,M,Athletics,Men's 3000m Steeplechase,,,,
Stuart Stokes,Great Britain,35,181,65,M,Athletics,Men's 3000m Steeplechase,,,,
Albert Minczer,Hungary,25,179,63,M,Athletics,Men's 3000m Steeplechase,,,,
Yuri Floriani,Italy,30,180,64,M,Athletics,Men's 3000m Steeplechase,,,,
Artem Kosinov,Kazakhstan,26,182,67,M,Athletics,Men's 3000m Steeplechase,,,,
Abel Kiprop Mutai,Kenya,23,187,73,M,Athletics,Men's 3000m Steeplechase,YES,,,1
Brimin Kiprop Kipruto,Kenya,27,175,55,M,Athletics,Men's 3000m Steeplechase,,,,
Ezekiel Kemboi,Kenya,30,,,M,Athletics,Men's 3000m Steeplechase,YES,1,,
Brahim Taleb,Morocco,30,181,61,M,Athletics,Men's 3000m Steeplechase,,,,
Hamid Ezzine,Morocco,28,174,62,M,Athletics,Men's 3000m Steeplechase,,,,
Hicham Sigueni,Morocco,19,172,61,M,Athletics,Men's 3000m Steeplechase,,,,
Mario Bazan,Peru,24,175,64,M,Athletics,Men's 3000m Steeplechase,,,,
Lukasz Parszczynski,Poland,27,180,66,M,Athletics,Men's 3000m Steeplechase,,,,
Alberto Paulo,Portugal,26,174,59,M,Athletics,Men's 3000m Steeplechase,,,,
Ion Luchianov,Republic of Moldova,31,178,72,M,Athletics,Men's 3000m Steeplechase,,,,
Nikolay Chavkin,Russian Federation,28,189,74,M,Athletics,Men's 3000m Steeplechase,,,,
Ali Ahmed Al-Amri,Saudi Arabia,27,,,M,Athletics,Men's 3000m Steeplechase,,,,
Abdelaziz Merzougui,Spain,20,175,62,M,Athletics,Men's 3000m Steeplechase,,,,
Angel Mullera,Spain,28,178,60,M,Athletics,Men's 3000m Steeplechase,,,,
Sebastian Martos,Spain,23,178,63,M,Athletics,Men's 3000m Steeplechase,,,,
Victor Garcia,Spain,27,173,57,M,Athletics,Men's 3000m Steeplechase,,,,
Amor Ben Yahia,Tunisia,27,176,54,M,Athletics,Men's 3000m Steeplechase,,,,
Tarik Langat Akdag,Turkey,24,,,M,Athletics,Men's 3000m Steeplechase,,,,
Benjamin Kiplagat,Uganda,23,183,65,M,Athletics,Men's 3000m Steeplechase,,,,
Jacob Araptany,Uganda,18,168,58,M,Athletics,Men's 3000m Steeplechase,,,,
Vadym Slobodenyuk,Ukraine,31,187,77,M,Athletics,Men's 3000m Steeplechase,,,,
Donald Cabral,United States of America,22,178,67,M,Athletics,Men's 3000m Steeplechase,,,,
Evan Jager,United States of America,23,188,66,M,Athletics,Men's 3000m Steeplechase,,,,
Kyle Alcorn,United States of America,27,185,74,M,Athletics,Men's 3000m Steeplechase,,,,
Jose Pena,Venezuela,25,165,56,M,Athletics,Men's 3000m Steeplechase,,,,
Andrew McCabe,Australia,21,188,83,M,Athletics,Men's 4 x 100m Relay,,,,
Anthony Alozie,Australia,25,171,79,M,Athletics,Men's 4 x 100m Relay,,,,
Isaac Ntiamoah,Australia,29,172,75,M,Athletics,Men's 4 x 100m Relay,,,,
Joshua Ross,Australia,31,185,83,M,Athletics,Men's 4 x 100m Relay,,,,
Tim Leathart,Australia,22,180,80,M,Athletics,Men's 4 x 100m Relay,,,,
Carlos Roberto de Moraes Jr,Brazil,22,,,M,Athletics,Men's 4 x 100m Relay,,,,
Jose Carlos Moreira,Brazil,28,172,76,M,Athletics,Men's 4 x 100m Relay,,,,
Akeem Haynes,Canada,20,168,150,M,Athletics,Men's 4 x 100m Relay,,,,
Gavin Smellie,Canada,26,180,80,M,Athletics,Men's 4 x 100m Relay,,,,
Ian Warner,Canada,22,170,160,M,Athletics,Men's 4 x 100m Relay,,,,
Oluseyi Smith,Canada,25,190,95,M,Athletics,Men's 4 x 100m Relay,,,,
Oluwasegun Makinde,Canada,21,179,84,M,Athletics,Men's 4 x 100m Relay,,,,
Ben Bassaw,France,23,183,77,M,Athletics,Men's 4 x 100m Relay,,,,
Emmanuel Biron,France,24,177,65,M,Athletics,Men's 4 x 100m Relay,,,,
Pierre-Alexis Pessonneaux,France,24,181,70,M,Athletics,Men's 4 x 100m Relay,,,,
Ronald Pognon,France,29,185,71,M,Athletics,Men's 4 x 100m Relay,,,,
Alexander Kosenkow,Germany,35,178,72,M,Athletics,Men's 4 x 100m Relay,,,,
Lucas Jakubczyk,Germany,27,183,78,M,Athletics,Men's 4 x 100m Relay,,,,
Martin Keller,Germany,25,180,84,M,Athletics,Men's 4 x 100m Relay,,,,
Sven Knipphals,Germany,26,189,90,M,Athletics,Men's 4 x 100m Relay,,,,
Tobias Unger,Germany,33,180,74,M,Athletics,Men's 4 x 100m Relay,,,,
Daniel Talbot,Great Britain,21,184,69,M,Athletics,Men's 4 x 100m Relay,,,,
Mark Lewis-Francis,Great Britain,29,180,95,M,Athletics,Men's 4 x 100m Relay,,,,
Simeon Williamson,Great Britain,26,186,95,M,Athletics,Men's 4 x 100m Relay,,,,
Chi Ho Tsui,"Hong Kong, China",22,171,62,M,Athletics,Men's 4 x 100m Relay,,,,
Chun Ho Lai,"Hong Kong, China",23,171,64,M,Athletics,Men's 4 x 100m Relay,,,,
Ka Fung Ng,"Hong Kong, China",19,180,77,M,Athletics,Men's 4 x 100m Relay,,,,
Man Lok Ho,"Hong Kong, China",20,177,67,M,Athletics,Men's 4 x 100m Relay,,,,
Yik Chun Tang,"Hong Kong, China",26,177,67,M,Athletics,Men's 4 x 100m Relay,,,,
Davide Manenti,Italy,23,,,M,Athletics,Men's 4 x 100m Relay,,,,
Diego Marani,Italy,22,,,M,Athletics,Men's 4 x 100m Relay,,,,
Fabio Cerutti,Italy,26,190,83,M,Athletics,Men's 4 x 100m Relay,,,,
Jacques Riparelli,Italy,29,183,81,M,Athletics,Men's 4 x 100m Relay,,,,
Rosario la Mastra,Italy,28,,,M,Athletics,Men's 4 x 100m Relay,,,,
Simone Collio,Italy,32,180,77,M,Athletics,Men's 4 x 100m Relay,,,,
Kemar Bailey-Cole,Jamaica,20,193,83,M,Athletics,Men's 4 x 100m Relay,,,,
Nesta Carter,Jamaica,26,173,78,M,Athletics,Men's 4 x 100m Relay,,,,
Takumi Kuki,Japan,20,170,64,M,Athletics,Men's 4 x 100m Relay,,,,
Brian Mariano,Netherlands,27,182,86,M,Athletics,Men's 4 x 100m Relay,,,,
Giovanni Codrington,Netherlands,24,177,80,M,Athletics,Men's 4 x 100m Relay,,,,
Jerrel Feller,Netherlands,25,170,73,M,Athletics,Men's 4 x 100m Relay,,,,
Patrick van Luijk,Netherlands,27,189,87,M,Athletics,Men's 4 x 100m Relay,,,,
Wouter Brus,Netherlands,20,180,77,M,Athletics,Men's 4 x 100m Relay,,,,
Jiahong Liang,People's Republic of China,24,184,84,M,Athletics,Men's 4 x 100m Relay,,,,
Peimeng Zhang,People's Republic of China,25,186,86,M,Athletics,Men's 4 x 100m Relay,,,,
Yi Lao,People's Republic of China,26,176,65,M,Athletics,Men's 4 x 100m Relay,,,,
Artur Zaczek,Poland,23,182,78,M,Athletics,Men's 4 x 100m Relay,,,,
Jakub Adamski,Poland,24,183,75,M,Athletics,Men's 4 x 100m Relay,,,,
Kamil Masztak,Poland,28,186,81,M,Athletics,Men's 4 x 100m Relay,,,,
Robert Kubaczyk,Poland,25,177,73,M,Athletics,Men's 4 x 100m Relay,,,,
Brijesh Lawrence,Saint Kitts and Nevis,22,180,93,M,Athletics,Men's 4 x 100m Relay,,,,
Delwayne Delaney,Saint Kitts and Nevis,29,168,73,M,Athletics,Men's 4 x 100m Relay,,,,
Lestrod Roland,Saint Kitts and Nevis,19,165,54,M,Athletics,Men's 4 x 100m Relay,,,,
Emmanuel Callender,Trinidad and Tobago,28,189,86,M,Athletics,Men's 4 x 100m Relay,,,,
Jamol James,Trinidad and Tobago,20,157,65,M,Athletics,Men's 4 x 100m Relay,,,,
Darvis Patton,United States of America,34,183,79,M,Athletics,Men's 4 x 100m Relay,,,,
Jeffery Demps,United States of America,22,175,82,M,Athletics,Men's 4 x 100m Relay,,,,
Trell Kimmons,United States of America,27,173,77,M,Athletics,Men's 4 x 100m Relay,,,,
Ben Offereins,Australia,26,184,76,M,Athletics,Men's 4 x 400m Relay,,,,
Joel Milburn,Australia,26,182,75,M,Athletics,Men's 4 x 400m Relay,,,,
John Steffensen,Australia,29,180,71,M,Athletics,Men's 4 x 400m Relay,,,,
Andrae Williams,Bahamas,29,185,82,M,Athletics,Men's 4 x 400m Relay,,,,
Avard Moncur,Bahamas,33,,,M,Athletics,Men's 4 x 400m Relay,,,,
Wesley Neymour,Bahamas,23,193,82,M,Athletics,Men's 4 x 400m Relay,,,,
Antoine Gillet,Belgium,24,185,73,M,Athletics,Men's 4 x 400m Relay,,,,
Arnaud Ghislain,Belgium,23,182,69,M,Athletics,Men's 4 x 400m Relay,,,,
Jente Bouckaert,Belgium,22,190,75,M,Athletics,Men's 4 x 400m Relay,,,,
Nils Duerinck,Belgium,28,183,75,M,Athletics,Men's 4 x 400m Relay,,,,
Noel Ruiz,Cuba,25,,,M,Athletics,Men's 4 x 400m Relay,,,,
Orestes Rodriguez,Cuba,23,,,M,Athletics,Men's 4 x 400m Relay,,,,
Raidel Acea,Cuba,21,,,M,Athletics,Men's 4 x 400m Relay,,,,
William Collazo,Cuba,25,,,M,Athletics,Men's 4 x 400m Relay,,,,
Arismendy Peguero,Dominican Republic,32,180,80,M,Athletics,Men's 4 x 400m Relay,,,,
Gustavo Cuesta,Dominican Republic,23,183,80,M,Athletics,Men's 4 x 400m Relay,,,,
Joel Mejia,Dominican Republic,21,178,65,M,Athletics,Men's 4 x 400m Relay,,,,
Yon Soriano,Dominican Republic,25,170,68,M,Athletics,Men's 4 x 400m Relay,,,,
Benjamin Jonas,Germany,22,194,82,M,Athletics,Men's 4 x 400m Relay,,,,
Eric Kruger,Germany,24,175,74,M,Athletics,Men's 4 x 400m Relay,,,,
Jonas Plass,Germany,26,183,75,M,Athletics,Men's 4 x 400m Relay,,,,
Kamghe Gaba,Germany,28,202,96,M,Athletics,Men's 4 x 400m Relay,,,,
Thomas Schneider,Germany,23,185,83,M,Athletics,Men's 4 x 400m Relay,,,,
Luke Lennon-Ford,Great Britain,23,183,75,M,Athletics,Men's 4 x 400m Relay,,,,
Richard Buck,Great Britain,25,188,80,M,Athletics,Men's 4 x 400m Relay,,,,
Edino Steele,Jamaica,25,178,72,M,Athletics,Men's 4 x 400m Relay,,,,
Riker Hylton,Jamaica,23,168,61,M,Athletics,Men's 4 x 400m Relay,,,,
Hiroyuki Nakano,Japan,23,173,67,M,Athletics,Men's 4 x 400m Relay,,,,
Yoshihiro Azuma,Japan,21,172,60,M,Athletics,Men's 4 x 400m Relay,,,,
Alphas Leken Kishoyian,Kenya,18,162,56,M,Athletics,Men's 4 x 400m Relay,,,,
Anderson Mureta Mutegi,Kenya,25,,,M,Athletics,Men's 4 x 400m Relay,,,,
Boniface Ontuga Mweresa,Kenya,18,170,70,M,Athletics,Men's 4 x 400m Relay,,,,
Mark Kiprotich Muttai,Kenya,34,172,58,M,Athletics,Men's 4 x 400m Relay,,,,
Vincent Mumo Kiilu,Kenya,30,160,67,M,Athletics,Men's 4 x 400m Relay,,,,
Kacper Kozlowski,Poland,25,177,70,M,Athletics,Men's 4 x 400m Relay,,,,
Kamil Budziejewski,Poland,23,,,M,Athletics,Men's 4 x 400m Relay,,,,
Michal Pietrzak,Poland,23,185,77,M,Athletics,Men's 4 x 400m Relay,,,,
Patryk Dobek,Poland,18,186,72,M,Athletics,Men's 4 x 400m Relay,,,,
Piotr Wiaderek,Poland,28,185,78,M,Athletics,Men's 4 x 400m Relay,,,,
Denis Alekseyev,Russian Federation,24,186,75,M,Athletics,Men's 4 x 400m Relay,,,,
Sergey Petukhov,Russian Federation,28,186,83,M,Athletics,Men's 4 x 400m Relay,,,,
Valentin Kruglyakov,Russian Federation,26,188,85,M,Athletics,Men's 4 x 400m Relay,,,,
Vladimir Krasnov,Russian Federation,21,190,70,M,Athletics,Men's 4 x 400m Relay,,,,
Ofentse Mogawane,South Africa,30,188,69,M,Athletics,Men's 4 x 400m Relay,,,,
Shaun de Jager,South Africa,21,186,68,M,Athletics,Men's 4 x 400m Relay,,,,
Willem de Beer,South Africa,24,188,73,M,Athletics,Men's 4 x 400m Relay,,,,
Ade Alleyne-Forte,Trinidad and Tobago,23,180,73,M,Athletics,Men's 4 x 400m Relay,,,,
Jarrin Solomon,Trinidad and Tobago,26,165,73,M,Athletics,Men's 4 x 400m Relay,,,,
Machel Cedenio,Trinidad and Tobago,16,183,70,M,Athletics,Men's 4 x 400m Relay,,,,
Jeremy Wariner,United States of America,28,185,71,M,Athletics,Men's 4 x 400m Relay,,,,
Joshua Mance,United States of America,20,191,82,M,Athletics,Men's 4 x 400m Relay,,,,
Manteo Mitchell,United States of America,25,185,79,M,Athletics,Men's 4 x 400m Relay,,,,
Alberto Aguilar,Venezuela,27,194,80,M,Athletics,Men's 4 x 400m Relay,,,,
Arturo Ramirez,Venezuela,21,170,65,M,Athletics,Men's 4 x 400m Relay,,,,
Jose Melendez,Venezuela,19,170,65,M,Athletics,Men's 4 x 400m Relay,,,,
Omar Longart,Venezuela,21,172,69,M,Athletics,Men's 4 x 400m Relay,,,,
Mathieu Gnanligo,Benin,25,180,76,M,Athletics,Men's 400m,,,,
Isaac Makwala,Botswana,26,,,M,Athletics,Men's 400m,,,,
Ak Hafiy Tajuddin Rositi,Brunei Darussalam,21,175,64,M,Athletics,Men's 400m,,,,
Daundre Barnaby,Canada,21,189,75,M,Athletics,Men's 400m,,,,
Diego Palomeque,Colombia,18,176,68,M,Athletics,Men's 400m,,,,
Nery Brenes,Costa Rica,26,175,70,M,Athletics,Men's 400m,,,,
Erison Hurtault,Dominica,27,168,73,M,Athletics,Men's 400m,,,,
Bereket Desta,Ethiopia,22,180,63,M,Athletics,Men's 400m,,,,
Kristijan Efremov,Former Yugoslav Republic of Macedonia,21,184,72,M,Athletics,Men's 400m,,,,
Kirani James,Grenada,19,180,66,M,Athletics,Men's 400m,YES,1,,
Rondell Bartholomew,Grenada,22,184,60,M,Athletics,Men's 400m,,,,
Winston George,Guyana,25,,,M,Athletics,Men's 400m,,,,
Marcell Deak Nagy,Hungary,20,,,M,Athletics,Men's 400m,,,,
Liemarvin Bonevacia,Independent Olympic Athletes,23,180,81,M,Athletics,Men's 400m,,,,
Sajjad Hashemiahangari,Islamic Republic of Iran,20,178,69,M,Athletics,Men's 400m,,,,
Donald Sanford,Israel,25,195,80,M,Athletics,Men's 400m,,,,
Sergej Zaikov,Kazakhstan,24,190,76,M,Athletics,Men's 400m,,,,
Janis Leitis,Latvia,23,190,75,M,Athletics,Men's 400m,,,,
Zaw Win Thet,Myanmar,21,162,55,M,Athletics,Men's 400m,,,,
Ahmed Mohamed Al-Merjabi,Oman,21,170,65,M,Athletics,Men's 400m,,,,
Bahaa Al Farra,Palestine,21,175,65,M,Athletics,Men's 400m,,,,
Nelson Stone,Papua New Guinea,28,179,75,M,Athletics,Men's 400m,,,,
Augusto Stanley,Paraguay,25,189,80,M,Athletics,Men's 400m,,,,
Yousef Ahmed Masrahi,Saudi Arabia,24,,,M,Athletics,Men's 400m,,,,
Rabah Yousif,Sudan,25,184,71,M,Athletics,Men's 400m,,,,
Vitaliy Butrym,Ukraine,21,178,67,M,Athletics,Men's 400m,,,,
Tabarie Henry,"Virgin Islands, US",24,185,77,M,Athletics,Men's 400m,,,,
Michael Bultheel,Belgium,26,189,81,M,Athletics,Men's 400m Hurdles,,,,
Kenneth Medwood,Belize,24,178,75,M,Athletics,Men's 400m Hurdles,,,,
Maoulida Daroueche,Comoros,22,175,70,M,Athletics,Men's 400m Hurdles,,,,
Josef Prorok,Czech Republic,24,190,81,M,Athletics,Men's 400m Hurdles,,,,
Winder Cuevas,Dominican Republic,24,170,65,M,Athletics,Men's 400m Hurdles,,,,
Rasmus Magi,Estonia,20,188,74,M,Athletics,Men's 400m Hurdles,,,,
Silvio Schirrmeister,Germany,23,193,82,M,Athletics,Men's 400m Hurdles,,,,
David Greene,Great Britain,26,185,78,M,Athletics,Men's 400m Hurdles,,,,
Jack Green,Great Britain,20,194,80,M,Athletics,Men's 400m Hurdles,,,,
Rhys Williams,Great Britain,28,185,73,M,Athletics,Men's 400m Hurdles,,,,
Periklis Iakovakis,Greece,33,183,77,M,Athletics,Men's 400m Hurdles,,,,
Jose Reynaldo Bencosme de Leon,Italy,20,185,73,M,Athletics,Men's 400m Hurdles,,,,
Leford Green,Jamaica,25,191,91,M,Athletics,Men's 400m Hurdles,,,,
Roxroy Cato,Jamaica,24,183,77,M,Athletics,Men's 400m Hurdles,,,,
Akihiko Nakamura,Japan,21,180,73,M,Athletics,Men's 400m Hurdles,,,,
Takayuki Kishimoto,Japan,22,170,60,M,Athletics,Men's 400m Hurdles,,,,
Tetsuya Tateno,Japan,20,177,73,M,Athletics,Men's 400m Hurdles,,,,
Viktor Leptikov,Kazakhstan,25,196,80,M,Athletics,Men's 400m Hurdles,,,,
Vincent Kiplangat Kosgei,Kenya,26,172,62,M,Athletics,Men's 400m Hurdles,,,,
Kurt Couto,Mozambique,27,180,71,M,Athletics,Men's 400m Hurdles,,,,
Amaechi Morton,Nigeria,22,,,M,Athletics,Men's 400m Hurdles,,,,
Wen Cheng,People's Republic of China,23,188,76,M,Athletics,Men's 400m Hurdles,,,,
Zhilong Li,People's Republic of China,24,180,70,M,Athletics,Men's 400m Hurdles,,,,
Jorge Paula,Portugal,27,190,85,M,Athletics,Men's 400m Hurdles,,,,
Eric Alejandro,Puerto Rico,26,,83,M,Athletics,Men's 400m Hurdles,,,,
Jamele Mason,Puerto Rico,22,,,M,Athletics,Men's 400m Hurdles,,,,
Javier Culson,Puerto Rico,28,,,M,Athletics,Men's 400m Hurdles,YES,,,1
Viacheslav Sakaev,Russian Federation,24,178,65,M,Athletics,Men's 400m Hurdles,,,,
Mamadou Kasse Hanne,Senegal,25,172,70,M,Athletics,Men's 400m Hurdles,,,,
Emir Bekric,Serbia,21,195,88,M,Athletics,Men's 400m Hurdles,,,,
Brent Larue,Slovenia,25,193,85,M,Athletics,Men's 400m Hurdles,,,,
Kariem Hussein,Switzerland,23,190,77,M,Athletics,Men's 400m Hurdles,,,,
Chieh Chen,Taipei (Chinese Taipei),20,181,65,M,Athletics,Men's 400m Hurdles,,,,
Lankantien Lamboni,Togo,22,188,78,M,Athletics,Men's 400m Hurdles,,,,
Jehue Gordon,Trinidad and Tobago,20,188,81,M,Athletics,Men's 400m Hurdles,,,,
Stanislav Melnykov,Ukraine,25,183,72,M,Athletics,Men's 400m Hurdles,,,,
Kerron Clement,United States of America,26,188,86,M,Athletics,Men's 400m Hurdles,,,,
Michael Tinsley,United States of America,28,185,74,M,Athletics,Men's 400m Hurdles,YES,,1,
Andres Silva,Uruguay,26,179,76,M,Athletics,Men's 400m Hurdles,,,,
Artem Dyatlov,Uzbekistan,23,,,M,Athletics,Men's 400m Hurdles,,,,
Brendan Cole,Australia,31,187,78,M,Athletics,"Men's 400m Hurdles, Men's 4 x 400m Relay",,,,
Tristan Thomas,Australia,26,185,70,M,Athletics,"Men's 400m Hurdles, Men's 4 x 400m Relay",,,,
Amaurys R Valle,Cuba,22,,,M,Athletics,"Men's 400m Hurdles, Men's 4 x 400m Relay",,,,
Omar Cisneros,Cuba,22,,,M,Athletics,"Men's 400m Hurdles, Men's 4 x 400m Relay",,,,
Felix Sanchez,Dominican Republic,34,175,64,M,Athletics,"Men's 400m Hurdles, Men's 4 x 400m Relay",YES,1,,
Boniface Mucheru,Kenya,20,170,68,M,Athletics,"Men's 400m Hurdles, Men's 4 x 400m Relay",,,,
Cornel Fredericks,South Africa,22,178,68,M,Athletics,"Men's 400m Hurdles, Men's 4 x 400m Relay",,,,
L J van Zyl,South Africa,27,182,80,M,Athletics,"Men's 400m Hurdles, Men's 4 x 400m Relay",,,,
Steven Solomon,Australia,19,186,73,M,Athletics,"Men's 400m, Men's 4 x 400m Relay",,,,
Chris Brown,Bahamas,33,178,75,M,Athletics,"Men's 400m, Men's 4 x 400m Relay",,,,
Demetrius Pinder,Bahamas,23,,,M,Athletics,"Men's 400m, Men's 4 x 400m Relay",,,,
Ramon Miller,Bahamas,25,170,67,M,Athletics,"Men's 400m, Men's 4 x 400m Relay",,,,
Jonathan Borlee,Belgium,24,180,67,M,Athletics,"Men's 400m, Men's 4 x 400m Relay",,,,
Kevin Borlee,Belgium,24,180,67,M,Athletics,"Men's 400m, Men's 4 x 400m Relay",,,,
Luguelin Santos,Dominican Republic,19,173,61,M,Athletics,"Men's 400m, Men's 4 x 400m Relay",YES,,1,
Conrad Williams,Great Britain,30,182,75,M,Athletics,"Men's 400m, Men's 4 x 400m Relay",,,,
Martyn Rooney,Great Britain,25,198,81,M,Athletics,"Men's 400m, Men's 4 x 400m Relay",,,,
Nigel Levine,Great Britain,23,178,68,M,Athletics,"Men's 400m, Men's 4 x 400m Relay",,,,
Dane Hyatt,Jamaica,28,183,86,M,Athletics,"Men's 400m, Men's 4 x 400m Relay",,,,
Errol Nolan,Jamaica,20,178,77,M,Athletics,"Men's 400m, Men's 4 x 400m Relay",,,,
Jermaine Gonzales,Jamaica,27,191,87,M,Athletics,"Men's 400m, Men's 4 x 400m Relay",,,,
Rusheen McDonald,Jamaica,19,170,77,M,Athletics,"Men's 400m, Men's 4 x 400m Relay",,,,
Yuzo Kanemaru,Japan,24,177,75,M,Athletics,"Men's 400m, Men's 4 x 400m Relay",,,,
Marcin Marciniszyn,Poland,29,184,80,M,Athletics,"Men's 400m, Men's 4 x 400m Relay",,,,
Maksim Dyldin,Russian Federation,25,178,68,M,Athletics,"Men's 400m, Men's 4 x 400m Relay",,,,
Pavel Trenikhin,Russian Federation,26,180,70,M,Athletics,"Men's 400m, Men's 4 x 400m Relay",,,,
Oscar Pistorius,South Africa,25,181,77,M,Athletics,"Men's 400m, Men's 4 x 400m Relay",,,,
Deon Lendore,Trinidad and Tobago,19,179,75,M,Athletics,"Men's 400m, Men's 4 x 400m Relay",,,,
Lalonde Gordon,Trinidad and Tobago,23,179,83,M,Athletics,"Men's 400m, Men's 4 x 400m Relay",YES,,,1
Renny Quow,Trinidad and Tobago,24,160,77,M,Athletics,"Men's 400m, Men's 4 x 400m Relay",,,,
Bryshon Nellum,United States of America,23,183,77,M,Athletics,"Men's 400m, Men's 4 x 400m Relay",,,,
Lashawn Merritt,United States of America,26,188,84,M,Athletics,"Men's 400m, Men's 4 x 400m Relay",,,,
Tony McQuay,United States of America,22,180,70,M,Athletics,"Men's 400m, Men's 4 x 400m Relay",,,,
Albert Bravo,Venezuela,24,198,85,M,Athletics,"Men's 400m, Men's 4 x 400m Relay",,,,
Rabah Aboud,Algeria,31,180,64,M,Athletics,Men's 5000m,,,,
Javier Carriqueo,Argentina,33,175,62,M,Athletics,Men's 5000m,,,,
Collis Birmingham,Australia,27,189,71,M,Athletics,Men's 5000m,,,,
Craig Mottram,Australia,32,188,74,M,Athletics,Men's 5000m,,,,
David McNeill,Australia,25,173,52,M,Athletics,Men's 5000m,,,,
Hayle Ibrahimov,Azerbaijan,22,168,58,M,Athletics,Men's 5000m,,,,
Bilisuma Shugi,Bahrain,23,173,58,M,Athletics,Men's 5000m,,,,
Olivier Irabaruta,Burundi,21,171,61,M,Athletics,Men's 5000m,,,,
Ruben Sanca,Cape Verde,25,188,63,M,Athletics,Men's 5000m,,,,
Mumin Gala,Djibouti,25,,,M,Athletics,Men's 5000m,,,,
Abrar Osman Adem,Eritrea,18,168,58,M,Athletics,Men's 5000m,,,,
Amanuel Mesel,Eritrea,21,177,59,M,Athletics,Men's 5000m,,,,
Dejen Gebremeskel,Ethiopia,22,178,57,M,Athletics,Men's 5000m,,,,
Hagos Gebrhiwet,Ethiopia,18,167,65,M,Athletics,Men's 5000m,,,,
Yenew Alamirew,Ethiopia,22,178,57,M,Athletics,Men's 5000m,,,,
Hassan Hirt,France,32,178,65,M,Athletics,Men's 5000m,,,,
Arne Gabius,Germany,31,186,66,M,Athletics,Men's 5000m,,,,
Nick McCormick,Great Britain,30,188,70,M,Athletics,Men's 5000m,,,,
Alistair Ian Cragg,Ireland,32,183,61,M,Athletics,Men's 5000m,,,,
Isiah Kiplangat Koech,Kenya,18,,,M,Athletics,Men's 5000m,,,,
Thomas Pkemei Longosiwa,Kenya,24,170,57,M,Athletics,Men's 5000m,,,,
Juan Luis Barrios,Mexico,29,176,65,M,Athletics,Men's 5000m,,,,
Aziz Lahbabi,Morocco,21,169,55,M,Athletics,Men's 5000m,,,,
Soufiyan Bouqantar,Morocco,18,173,54,M,Athletics,Men's 5000m,,,,
Rene Herrera,Philippines,33,172,65,M,Athletics,Men's 5000m,,,,
Abdullah Abdulaziz Aljoud,Saudi Arabia,37,,,M,Athletics,Men's 5000m,,,,
Hussain Jamaan Alhamdah,Saudi Arabia,29,,,M,Athletics,Men's 5000m,,,,
Francisco Javier Alves,Spain,31,182,66,M,Athletics,Men's 5000m,,,,
Jesus Espana,Spain,33,173,54,M,Athletics,Men's 5000m,,,,
Abraham Kiplimo,Uganda,23,165,52,M,Athletics,Men's 5000m,,,,
Geofrey Kusuro,Uganda,23,172,57,M,Athletics,Men's 5000m,,,,
Serhiy Lebid,Ukraine,37,180,65,M,Athletics,Men's 5000m,,,,
Bernard Lagat,United States of America,37,173,59,M,Athletics,Men's 5000m,,,,
Lopez Lomong,United States of America,27,180,69,M,Athletics,Men's 5000m,,,,
Cameron Levins,Canada,23,178,65,M,Athletics,"Men's 5000m, Men's 10,000m",,,,
Teklemariam Medhin,Eritrea,23,184,61,M,Athletics,"Men's 5000m, Men's 10,000m",,,,
Kenenisa Bekele,Ethiopia,30,167,59,M,Athletics,"Men's 5000m, Men's 10,000m",,,,
Mohamed Farah,Great Britain,29,165,58,M,Athletics,"Men's 5000m, Men's 10,000m",YES,1,,
Daniele Meucci,Italy,26,178,63,M,Athletics,"Men's 5000m, Men's 10,000m",,,,
Yuki Sato,Japan,25,178,60,M,Athletics,"Men's 5000m, Men's 10,000m",,,,
Moukheld Al-Outaibi,Saudi Arabia,36,,,M,Athletics,"Men's 5000m, Men's 10,000m",,,,
Polat Kemboi Arikan,Turkey,21,175,62,M,Athletics,"Men's 5000m, Men's 10,000m",,,,
Moses Ndiema Kipsiro,Uganda,25,174,54,M,Athletics,"Men's 5000m, Men's 10,000m",,,,
Galen Rupp,United States of America,26,180,61,M,Athletics,"Men's 5000m, Men's 10,000m",YES,,1,
Luke Adams,Australia,35,189,70,M,Athletics,Men's 50km Race Walk,,,,
Nathan Deakes,Australia,34,185,66,M,Athletics,Men's 50km Race Walk,,,,
Edward Araya,Chile,26,176,61,M,Athletics,Men's 50km Race Walk,,,,
Fredy Hernandez,Colombia,34,170,59,M,Athletics,Men's 50km Race Walk,,,,
Andres Chocho,Ecuador,28,165,55,M,Athletics,Men's 50km Race Walk,,,,
Xavier Moreno,Ecuador,32,168,52,M,Athletics,Men's 50km Race Walk,,,,
Emerson Hernandez,El Salvador,23,167,61,M,Athletics,Men's 50km Race Walk,,,,
Antti Kempas,Finland,31,191,67,M,Athletics,Men's 50km Race Walk,,,,
Jarkko Kinnunen,Finland,28,188,69,M,Athletics,Men's 50km Race Walk,,,,
Cedric Houssaye,France,32,178,65,M,Athletics,Men's 50km Race Walk,,,,
Yohann Diniz,France,34,185,70,M,Athletics,Men's 50km Race Walk,,,,
Maciej Rosiewicz,Georgia,35,,,M,Athletics,Men's 50km Race Walk,,,,
Christopher Linke,Germany,23,190,65,M,Athletics,Men's 50km Race Walk,,,,
Dominic King,Great Britain,29,178,70,M,Athletics,Men's 50km Race Walk,,,,
Jaime Quiyuch,Guatemala,24,178,57,M,Athletics,Men's 50km Race Walk,,,,
Brendan Boyce,Ireland,25,183,76,M,Athletics,Men's 50km Race Walk,,,,
Colin Griffin,Ireland,30,185,71,M,Athletics,Men's 50km Race Walk,,,,
Alex Schwazer,Italy,27,187,70,M,Athletics,Men's 50km Race Walk,,,,
Marco de Luca,Italy,31,188,72,M,Athletics,Men's 50km Race Walk,,,,
Koichiro Morioka,Japan,27,184,66,M,Athletics,Men's 50km Race Walk,,,,
Takayuki Tanii,Japan,29,167,57,M,Athletics,Men's 50km Race Walk,,,,
Yuki Yamazaki,Japan,28,179,63,M,Athletics,Men's 50km Race Walk,,,,
Vitaliy Anichkin,Kazakhstan,23,170,60,M,Athletics,Men's 50km Race Walk,,,,
Igors Kazakevics,Latvia,32,176,76,M,Athletics,Men's 50km Race Walk,,,,
Tadas Suskevicius,Lithuania,27,176,65,M,Athletics,Men's 50km Race Walk,,,,
Horacio Nava,Mexico,30,180,64,M,Athletics,Men's 50km Race Walk,,,,
Jose Leyver,Mexico,26,164,52,M,Athletics,Men's 50km Race Walk,,,,
Omar Zepeda,Mexico,35,177,68,M,Athletics,Men's 50km Race Walk,,,,
Trond Nymark,Norway,35,,,M,Athletics,Men's 50km Race Walk,,,,
Jianbo Li,People's Republic of China,25,174,60,M,Athletics,Men's 50km Race Walk,,,,
Tianfeng Si,People's Republic of China,28,182,60,M,Athletics,Men's 50km Race Walk,,,,
Lukasz Nowak,Poland,23,194,78,M,Athletics,Men's 50km Race Walk,,,,
Rafal Fedaczynski,Poland,31,168,58,M,Athletics,Men's 50km Race Walk,,,,
Rafal Sikora,Poland,25,177,73,M,Athletics,Men's 50km Race Walk,,,,
Pedro Isidro,Portugal,27,175,58,M,Athletics,Men's 50km Race Walk,,,,
Dong-Young Kim,Republic of Korea,32,176,65,M,Athletics,Men's 50km Race Walk,,,,
Junghyun Yim,Republic of Korea,24,182,66,M,Athletics,Men's 50km Race Walk,,,,
Marius Cocioran,Romania,29,178,76,M,Athletics,Men's 50km Race Walk,,,,
Sergey Bakulin,Russian Federation,25,169,58,M,Athletics,Men's 50km Race Walk,,,,
Sergey Kirdyapkin,Russian Federation,32,177,54,M,Athletics,Men's 50km Race Walk,,,,
Nenad Filipovic,Serbia,33,182,72,M,Athletics,Men's 50km Race Walk,,,,
Matej Toth,Slovakia,29,185,73,M,Athletics,Men's 50km Race Walk,,,,
Milos Batovsky,Slovakia,33,180,68,M,Athletics,Men's 50km Race Walk,,,,
Marc Mundell,South Africa,29,189,77,M,Athletics,Men's 50km Race Walk,,,,
Benjamin Sanchez,Spain,27,185,70,M,Athletics,Men's 50km Race Walk,,,,
Jesus Angel Garcia,Spain,42,172,64,M,Athletics,Men's 50km Race Walk,,,,
Mikel Odriozola,Spain,39,178,67,M,Athletics,Men's 50km Race Walk,,,,
Ihor Hlavan,Ukraine,21,172,62,M,Athletics,Men's 50km Race Walk,,,,
Oleksiy Kazanin,Ukraine,30,172,65,M,Athletics,Men's 50km Race Walk,,,,
Serhiy Budza,Ukraine,27,180,70,M,Athletics,Men's 50km Race Walk,,,,
John Nunn,United States of America,34,188,78,M,Athletics,Men's 50km Race Walk,,,,